{
	"id": "5f89b88a-2194-185d-ef33-c09df3445435",
	"name": "oneoaksystems",
	"values": [
		{
			"key": "url",
			"value": "http://localhost:4000/api",
			"type": "text",
			"name": "url",
			"enabled": true
		},
		{
			"key": "token",
			"value": "eyJ0eXAiOiJKV1QiLCJhbGciOiJIUzI1NiJ9.eyJleHBpcmF0aW9uIjoxNDUzNzI1NjIxMTcxLCJ1c2VySWQiOiI1NjU2YTI2YjRkNmY2MzM1MDUwMDAwMDAifQ.d0lDEO50m5p7q0OeLVSyVBHslXqYrvcIxeWVZXokwDU",
			"type": "text",
			"name": "token",
			"enabled": true
		}
	],
	"timestamp": 1448541629444,
	"synced": false,
	"syncedFilename": ""
}