{
	"id": "beb18cc0-2ef6-986d-59c1-80dde5a77b35",
	"name": "oneoaksystems",
	"description": "",
	"order": [
		"840ebe3e-d6f8-62e6-9df8-cbc5981bf5a9",
		"f163cb4e-f1ec-b356-d582-7b32d639c462",
		"a48bcad1-7912-2988-29bf-357fc20e44bb",
		"d209efd9-9f06-3a90-b5a0-dadc647f24c8",
		"0f2e2c4c-d4d5-bdb5-3c53-d1db1eb21638",
		"68961bbd-b5fc-21e9-7a2f-63868931746f",
		"127fbf3d-df4c-ef44-a4a6-65274e0e79d8",
		"92dd91ba-a253-99c1-0396-b8c129ea3160",
		"74252436-7328-7526-da02-5916876e5dc6",
		"d9f06f9a-4c21-dae2-ee0d-13cdd1948b0a",
		"25a3e8b5-8620-a1c5-858c-d6a9975b2628",
		"a2fa97c9-5b34-921a-fc43-defbb7407ad8",
		"19abf659-374d-14dc-2dbf-e7cf418751c8",
		"066ef3b9-5142-3969-7779-7bc9473c25d6",
		"a7513185-d32e-5f63-48a3-e248feeb093a",
		"40895fb7-3c63-1edf-4e6f-1630be34f872",
		"db76b837-6e02-038a-5f90-70d9ed885f7b",
		"db0dbbfc-ea8b-fd71-0d14-5c521ad5deec",
		"0a4d9ecc-067d-2366-1b9d-d53395820483",
		"a250b5b0-5e47-1e7e-a814-b8fb4c172ec6",
		"23ae1063-265b-619c-a395-22e069410986",
		"b14a8311-2814-d4a7-14c8-d871ec459f31"
	],
	"folders": [],
	"timestamp": 1448532714348,
	"owner": 0,
	"remoteLink": "",
	"public": false,
	"requests": [
		{
			"id": "066ef3b9-5142-3969-7779-7bc9473c25d6",
			"headers": "Authorization: Bearer {{token}}\nContent-Type: application/json\n",
			"url": "{{url}}/room/5656bc124d6f633505230000/temperature",
			"pathVariables": {},
			"preRequestScript": "",
			"method": "POST",
			"collectionId": "beb18cc0-2ef6-986d-59c1-80dde5a77b35",
			"data": [],
			"dataMode": "raw",
			"name": "POST /room/:id/temperature",
			"description": "Set the temperature of the room.\nOnly a user with the user or admin role is allowed to set the room temperature\nEach room belongs to a house, so for that house the user calling the endpoint should either be a admin or user role.\nOtherwise 403 error is returned.",
			"descriptionFormat": "html",
			"time": 1448542185655,
			"version": 2,
			"responses": [],
			"tests": "",
			"currentHelper": "normal",
			"helperAttributes": {},
			"rawModeData": "{\n    \"userComfortLevel\": \"cold\",\n    \"targetTemperatureValue\": 23\n}"
		},
		{
			"id": "0a4d9ecc-067d-2366-1b9d-d53395820483",
			"headers": "Authorization: Bearer {{token}}\nContent-Type: application/json\n",
			"url": "{{url}}/users",
			"pathVariables": {},
			"preRequestScript": "",
			"method": "POST",
			"collectionId": "beb18cc0-2ef6-986d-59c1-80dde5a77b35",
			"data": [],
			"dataMode": "raw",
			"name": "POST /users",
			"description": "Set house user. only a admin of the house can set the house user.\nIf userId is not present than fullName and email has to be present a new user is created in the system and an temporary password is generated for the user and sent to the user's email.\nThis request will set the existing user as the house user.",
			"descriptionFormat": "html",
			"time": 1448545012099,
			"version": 2,
			"responses": [],
			"tests": "",
			"currentHelper": "normal",
			"helperAttributes": {},
			"rawModeData": "{\n    \"houseId\": \"5656a71d4d6f6304ff000000\",\n    \"userId\": \"5657079559f74d4761500e62\",\n    \"role\": \"admin\"\n}"
		},
		{
			"id": "0f2e2c4c-d4d5-bdb5-3c53-d1db1eb21638",
			"headers": "Authorization: Bearer {{token}}\n",
			"url": "{{url}}/houses?limit=1&offset=1&sortColumn=name",
			"pathVariables": {},
			"preRequestScript": "",
			"method": "GET",
			"collectionId": "beb18cc0-2ef6-986d-59c1-80dde5a77b35",
			"data": [],
			"dataMode": "params",
			"name": "GET /houses",
			"description": "Get all the houses of the logged in user. This is a valid request.",
			"descriptionFormat": "html",
			"time": 1448534319397,
			"version": 2,
			"responses": [],
			"tests": "",
			"currentHelper": "normal",
			"helperAttributes": {}
		},
		{
			"id": "127fbf3d-df4c-ef44-a4a6-65274e0e79d8",
			"headers": "Authorization: Bearer {{token}}\n",
			"url": "{{url}}/house/5656a71d4d6f6304ff040000/stats",
			"pathVariables": {},
			"preRequestScript": "",
			"method": "GET",
			"collectionId": "beb18cc0-2ef6-986d-59c1-80dde5a77b35",
			"data": [],
			"dataMode": "params",
			"name": "GET house/:id/stats",
			"description": "Get the house stats. The temperatureUnit of the house id is also returned in the response.",
			"descriptionFormat": "html",
			"time": 1448534625767,
			"version": 2,
			"responses": [],
			"tests": "",
			"currentHelper": "normal",
			"helperAttributes": {}
		},
		{
			"id": "19abf659-374d-14dc-2dbf-e7cf418751c8",
			"headers": "Authorization: Bearer {{token}}\n",
			"url": "{{url}}/alerts?ids=5656bc124d6f6335051c0000&ids=5656bc124d6f6335051d0000&ids=5656bc124d6f633505280000",
			"pathVariables": {},
			"preRequestScript": "",
			"method": "GET",
			"collectionId": "beb18cc0-2ef6-986d-59c1-80dde5a77b35",
			"data": [],
			"dataMode": "params",
			"name": "GET /alerts",
			"description": "Get the room alerts",
			"descriptionFormat": "html",
			"time": 1448538568895,
			"version": 2,
			"responses": [],
			"tests": "",
			"currentHelper": "normal",
			"helperAttributes": {}
		},
		{
			"id": "23ae1063-265b-619c-a395-22e069410986",
			"headers": "Authorization: Bearer {{token}}\n",
			"url": "{{url}}/houses/5656a71d4d6f6304ff040000/users",
			"pathVariables": {},
			"preRequestScript": "",
			"method": "GET",
			"collectionId": "beb18cc0-2ef6-986d-59c1-80dde5a77b35",
			"data": [],
			"dataMode": "params",
			"name": "GET /houses/:id/users",
			"description": "Get all the users of a house. This will include the user object referenced by the userId as sub object",
			"descriptionFormat": "html",
			"time": 1448545375127,
			"version": 2,
			"responses": [],
			"tests": "",
			"currentHelper": "normal",
			"helperAttributes": {}
		},
		{
			"id": "25a3e8b5-8620-a1c5-858c-d6a9975b2628",
			"headers": "Authorization: Bearer {{token}}\n",
			"url": "{{url}}/room/5656bc124d6f6335051c0000",
			"preRequestScript": "",
			"pathVariables": {},
			"method": "GET",
			"data": [],
			"dataMode": "params",
			"version": 2,
			"tests": "",
			"currentHelper": "normal",
			"helperAttributes": {},
			"time": 1448548050059,
			"name": "GET /room/:id",
			"description": "Get the room details. The room temperature and room schedule documents are also fetched as sub objects.",
			"collectionId": "beb18cc0-2ef6-986d-59c1-80dde5a77b35",
			"responses": []
		},
		{
			"id": "40895fb7-3c63-1edf-4e6f-1630be34f872",
			"headers": "Authorization: Bearer {{token}}\nContent-Type: application/json\n",
			"url": "{{url}}/schedules",
			"pathVariables": {},
			"preRequestScript": "",
			"method": "POST",
			"collectionId": "beb18cc0-2ef6-986d-59c1-80dde5a77b35",
			"data": [],
			"dataMode": "raw",
			"name": "POST /schedules",
			"description": "Set room schedule",
			"descriptionFormat": "html",
			"time": 1448543399339,
			"version": 2,
			"responses": [],
			"tests": "",
			"currentHelper": "normal",
			"helperAttributes": {},
			"rawModeData": "{\n    \"roomSchedules\": [\n        {\n            \"roomId\": \"5656bc124d6f633505230000\",\n            \"schedule\": [\n                {\n                    \"startTime\": 0,\n                    \"endTime\": 30,\n                    \"value\": 23.4\n                },\n                {\n                    \"startTime\": 30,\n                    \"endTime\": 60,\n                    \"value\": 21.4\n                }\n            ]\n        },\n        {\n            \"roomId\": \"5656bc124d6f633505190000\",\n            \"schedule\": [\n                {\n                    \"startTime\": 0,\n                    \"endTime\": 30,\n                    \"value\": 23.4\n                },\n                {\n                    \"startTime\": 30,\n                    \"endTime\": 60,\n                    \"value\": 21.4\n                }\n            ]\n        }\n    ]\n}"
		},
		{
			"id": "68961bbd-b5fc-21e9-7a2f-63868931746f",
			"headers": "Authorization: Bearer {{token}}\n",
			"url": "{{url}}/houses/5656a71d4d6f6304ff040000",
			"pathVariables": {},
			"preRequestScript": "",
			"method": "GET",
			"collectionId": "beb18cc0-2ef6-986d-59c1-80dde5a77b35",
			"data": [],
			"dataMode": "params",
			"name": "GET houses/:id",
			"description": "Get the house details.",
			"descriptionFormat": "html",
			"time": 1448534542547,
			"version": 2,
			"responses": [],
			"tests": "",
			"currentHelper": "normal",
			"helperAttributes": {}
		},
		{
			"id": "74252436-7328-7526-da02-5916876e5dc6",
			"headers": "Content-Type: application/json\nAuthorization: Bearer {{token}}\n",
			"url": "{{url}}/rooms",
			"pathVariables": {},
			"preRequestScript": "",
			"method": "POST",
			"collectionId": "beb18cc0-2ef6-986d-59c1-80dde5a77b35",
			"data": [],
			"dataMode": "raw",
			"name": "POST /rooms",
			"description": "Set rooms. This is a valid request.",
			"descriptionFormat": "html",
			"time": 1448537797115,
			"version": 2,
			"responses": [],
			"tests": "",
			"currentHelper": "normal",
			"helperAttributes": {},
			"rawModeData": "{\n    \"houseId\": \"5656a71d4d6f6304ff080000\",\n    \"bundleId\": \"Test room\",\n    \"description\": \"Hello I am a test room\",\n    \"size\": \"very small\",\n    \"ventsCount\": 2,\n    \"windowsCount\": 3,\n    \"schedule\": [\n        {\n            \"startTime\": 0,\n            \"endTime\": 30,\n            \"value\": 23\n        }\n    ]\n}"
		},
		{
			"id": "840ebe3e-d6f8-62e6-9df8-cbc5981bf5a9",
			"headers": "Content-Type: application/json\n",
			"url": "{{url}}/signin",
			"pathVariables": {},
			"preRequestScript": "",
			"method": "POST",
			"collectionId": "beb18cc0-2ef6-986d-59c1-80dde5a77b35",
			"data": [],
			"dataMode": "raw",
			"name": "POST /signin",
			"description": "Sign in to the application. username and password has to be passed in request body. username is the user's email and password is password.\nThis returns the JWT token. Each request after login must have a Authorization header in the form of Authorization: Bearer {{token}} where {{token}} is the JWT token.",
			"descriptionFormat": "html",
			"time": 1448533154806,
			"version": 2,
			"responses": [],
			"tests": "",
			"currentHelper": "normal",
			"helperAttributes": {},
			"rawModeData": "{\n    \"username\": \"drobinson0@bizjournals.com\",\n    \"password\": \"password\"\n}"
		},
		{
			"id": "92dd91ba-a253-99c1-0396-b8c129ea3160",
			"headers": "Content-Type: application/json\nAuthorization: Bearer {{token}}\n",
			"url": "{{url}}/rooms",
			"pathVariables": {},
			"preRequestScript": "",
			"method": "POST",
			"collectionId": "beb18cc0-2ef6-986d-59c1-80dde5a77b35",
			"data": [],
			"dataMode": "raw",
			"name": "POST /rooms",
			"description": "Set room. This is a invalid request.\nsize should be one of very small, small, medium, large or very large",
			"descriptionFormat": "html",
			"time": 1448537712901,
			"version": 2,
			"responses": [],
			"tests": "",
			"currentHelper": "normal",
			"helperAttributes": {},
			"rawModeData": "{\n    \"houseId\": \"5656a71d4d6f6304ff080000\",\n    \"bundleId\": \"Test room\",\n    \"description\": \"Hello I am a test room\",\n    \"size\": \"some size\",\n    \"ventsCount\": 2,\n    \"windowsCount\": 3,\n    \"schedule\": [\n        {\n            \"startTime\": 0,\n            \"endTime\": 30,\n            \"value\": 23\n        }\n    ]\n}"
		},
		{
			"id": "a250b5b0-5e47-1e7e-a814-b8fb4c172ec6",
			"headers": "Authorization: Bearer {{token}}\n",
			"url": "{{url}}/users/5656a26b4d6f633505000000",
			"pathVariables": {},
			"preRequestScript": "",
			"method": "GET",
			"collectionId": "beb18cc0-2ef6-986d-59c1-80dde5a77b35",
			"data": [],
			"dataMode": "params",
			"name": "GET /user/:id",
			"description": "Get a user by ID",
			"descriptionFormat": "html",
			"time": 1448545243488,
			"version": 2,
			"responses": [],
			"tests": "",
			"currentHelper": "normal",
			"helperAttributes": {}
		},
		{
			"id": "a2fa97c9-5b34-921a-fc43-defbb7407ad8",
			"headers": "Authorization: Bearer {{token}}\n",
			"url": "{{url}}/alerts",
			"pathVariables": {},
			"preRequestScript": "",
			"method": "GET",
			"collectionId": "beb18cc0-2ef6-986d-59c1-80dde5a77b35",
			"data": [],
			"dataMode": "params",
			"name": "GET /alerts",
			"description": "Get alerts. This is a invalid request. ids should be a valid array of room ids for which to get room alerts.",
			"descriptionFormat": "html",
			"time": 1448538221138,
			"version": 2,
			"responses": [],
			"tests": "",
			"currentHelper": "normal",
			"helperAttributes": {}
		},
		{
			"id": "a48bcad1-7912-2988-29bf-357fc20e44bb",
			"headers": "Authorization: Bearer {{token}}\n",
			"url": "{{url}}/me",
			"pathVariables": {},
			"preRequestScript": "",
			"method": "GET",
			"collectionId": "beb18cc0-2ef6-986d-59c1-80dde5a77b35",
			"data": [],
			"dataMode": "raw",
			"name": "GET /me",
			"description": "Get loggedin user profile",
			"descriptionFormat": "html",
			"time": 1448533376624,
			"version": 2,
			"responses": [],
			"tests": "",
			"currentHelper": "normal",
			"helperAttributes": {},
			"rawModeData": ""
		},
		{
			"id": "a7513185-d32e-5f63-48a3-e248feeb093a",
			"headers": "Authorization: Bearer {{token}}\nContent-Type: application/json\n",
			"url": "{{url}}/room/5656bc124d6f633505230000/temperature",
			"pathVariables": {},
			"preRequestScript": "",
			"method": "GET",
			"collectionId": "beb18cc0-2ef6-986d-59c1-80dde5a77b35",
			"data": [],
			"dataMode": "params",
			"name": "GET /room/:id/temperature",
			"description": "Get the latest room temperature record.",
			"descriptionFormat": "html",
			"time": 1448542330028,
			"version": 2,
			"responses": [],
			"tests": "",
			"currentHelper": "normal",
			"helperAttributes": {}
		},
		{
			"id": "b14a8311-2814-d4a7-14c8-d871ec459f31",
			"headers": "Authorization: Bearer {{token}}\n",
			"url": "{{url}}/houses/5656a71d4d6f6304ff040000/calculate",
			"pathVariables": {},
			"preRequestScript": "",
			"method": "GET",
			"collectionId": "beb18cc0-2ef6-986d-59c1-80dde5a77b35",
			"data": [],
			"dataMode": "params",
			"name": "GET /houses/:id/calculate",
			"description": "Calculate savings for a house.",
			"descriptionFormat": "html",
			"time": 1448545714563,
			"version": 2,
			"responses": [],
			"tests": "",
			"currentHelper": "normal",
			"helperAttributes": {}
		},
		{
			"id": "d209efd9-9f06-3a90-b5a0-dadc647f24c8",
			"headers": "Authorization: Bearer {{token}}\n",
			"url": "{{url}}/houses?limit=1&offset=1&sortColumn=name1",
			"pathVariables": {},
			"preRequestScript": "",
			"method": "GET",
			"collectionId": "beb18cc0-2ef6-986d-59c1-80dde5a77b35",
			"data": [],
			"dataMode": "params",
			"name": "GET /houses",
			"description": "Get all the houses of the logged in user. This is a non valid case.\nThe sortColumn is invalid.",
			"descriptionFormat": "html",
			"time": 1448534295130,
			"version": 2,
			"responses": [],
			"tests": "",
			"currentHelper": "normal",
			"helperAttributes": {}
		},
		{
			"id": "d9f06f9a-4c21-dae2-ee0d-13cdd1948b0a",
			"headers": "Content-Type: application/json\nAuthorization: Bearer {{token}}\n",
			"url": "{{url}}/rooms",
			"pathVariables": {},
			"preRequestScript": "",
			"method": "POST",
			"collectionId": "beb18cc0-2ef6-986d-59c1-80dde5a77b35",
			"data": [],
			"dataMode": "raw",
			"name": "POST /rooms",
			"description": "Set rooms. This will perform the update operation since roomId is passed in request body.",
			"descriptionFormat": "html",
			"time": 1448537872355,
			"version": 2,
			"responses": [],
			"tests": "",
			"currentHelper": "normal",
			"helperAttributes": {},
			"rawModeData": "{\n    \"roomId\": \"5656ec597d463b064a10acd9\",\n    \"bundleId\": \"Test room updated\",\n    \"description\": \"Hello I am a test room updated\",\n    \"size\": \"medium\",\n    \"ventsCount\": 1,\n    \"windowsCount\": 1,\n    \"schedule\": [\n        {\n            \"startTime\": 31,\n            \"endTime\": 60,\n            \"value\": 21\n        }\n    ]\n}"
		},
		{
			"id": "db0dbbfc-ea8b-fd71-0d14-5c521ad5deec",
			"headers": "Authorization: Bearer {{token}}\nContent-Type: application/json\n",
			"url": "{{url}}/users",
			"pathVariables": {},
			"preRequestScript": "",
			"method": "POST",
			"collectionId": "beb18cc0-2ef6-986d-59c1-80dde5a77b35",
			"data": [],
			"dataMode": "raw",
			"name": "POST /users",
			"description": "Set house user. only a admin of the house can set the house user.\nIf userId is not present than fullName and email has to be present a new user is created in the system and an temporary password is generated for the user and sent to the user's email.",
			"descriptionFormat": "html",
			"time": 1448544371897,
			"version": 2,
			"responses": [],
			"tests": "",
			"currentHelper": "normal",
			"helperAttributes": {},
			"rawModeData": "{\n    \"houseId\": \"5656a71d4d6f6304ff000000\",\n    \"fullName\": \"Ritesh Sangwan\",\n    \"email\": \"sangwan.ritesh@yahoo.in\",\n    \"role\": \"user\"\n}"
		},
		{
			"id": "db76b837-6e02-038a-5f90-70d9ed885f7b",
			"headers": "Authorization: Bearer {{token}}\n",
			"url": "{{url}}/schedules?ids=5656bc124d6f6335051c0000&ids=5656bc124d6f6335051d0000&ids=5656bc124d6f633505280000&status=current",
			"pathVariables": {},
			"preRequestScript": "",
			"method": "GET",
			"collectionId": "beb18cc0-2ef6-986d-59c1-80dde5a77b35",
			"data": [],
			"dataMode": "params",
			"name": "GET /schedules",
			"description": "Get latest schedule of the rooms. The room ids are passed as query criteria as `ids`",
			"descriptionFormat": "html",
			"time": 1448543536391,
			"version": 2,
			"responses": [],
			"tests": "",
			"currentHelper": "normal",
			"helperAttributes": {}
		},
		{
			"id": "f163cb4e-f1ec-b356-d582-7b32d639c462",
			"headers": "Content-Type: application/json\n",
			"url": "{{url}}/signup",
			"pathVariables": {},
			"preRequestScript": "",
			"method": "POST",
			"collectionId": "beb18cc0-2ef6-986d-59c1-80dde5a77b35",
			"data": [],
			"dataMode": "raw",
			"name": "POST /signup",
			"description": "Singup a user. The request body must have email, password and fullName properties.",
			"descriptionFormat": "html",
			"time": 1448533242937,
			"version": 2,
			"responses": [],
			"tests": "",
			"currentHelper": "normal",
			"helperAttributes": {},
			"rawModeData": "{\n    \"email\": \"sangwan.ritesh@yahoo.in\",\n    \"fullName\": \"Ritesh Sangwan\",\n    \"password\": \"password\"\n}"
		}
	]
}